Miscare,Scor,Password
-,50,0
L47,3,0
R26,29,0
L18,11,0
R18,29,0
R26,55,0
R15,70,0
L33,37,0
R8,45,0
L26,19,0
L25,94,1
R6,0,2
L47,53,2
L7,46,2
R40,86,2
L1,85,2
L4,81,2
R43,24,3
L30,94,4
R3,97,4
L1,96,4
R8,4,5
L18,86,6
L25,61,6
R20,81,6
L45,36,6
R12,48,6
R12,60,6
R32,92,6
L14,78,6
L50,28,6
R32,60,6
L31,29,6
R37,66,6
L34,32,6
R8,40,6
L18,22,6
R15,37,6
R14,51,6
L10,41,6
R38,79,6
R34,13,7
L45,68,8
L34,34,8
L13,21,8
R32,53,8
R2,55,8
L12,43,8
L19,24,8
L2,22,8
L22,0,9
L19,81,9
L87,94,10
R6,0,11
R34,34,11
R74,8,12
L66,42,13
R58,0,14
L40,60,14
R79,39,15
R74,13,16
R33,46,16
R3,49,16
L22,27,16
L71,56,17
L62,94,18
R91,85,19
R5,90,19
L61,29,19
L30,99,20
L99,0,21
R43,43,21
R44,87,21
R3,90,21
R80,70,22
R59,29,23
R96,25,24
L27,98,25
L98,0,26
R28,28,26
L98,30,27
L4,26,27
R13,39,27
L97,42,28
L42,0,29
R81,81,29
L81,0,30
L80,20,30
L91,29,31
R6,35,31
R65,0,32
R48,48,32
R86,34,33
R44,78,33
R22,0,34
L80,20,34
L20,0,35
R55,55,35
R45,0,36
R58,58,36
L42,16,36
L41,75,37
L75,0,38
L41,59,38
L966,93,48
R402,95,52
R5,0,53
L384,16,56
L616,0,63
L88,12,63
R45,57,63
R8,65,63
R24,89,63
R11,0,64
R512,12,69
R88,0,70
R84,84,70
L549,35,75
R26,61,75
R25,86,75
R60,46,76
L70,76,77
L76,0,78
R362,62,81
L162,0,83
L447,53,87
R95,48,88
L30,18,88
R182,0,90
L16,84,90
R916,0,100
R919,19,109
L19,0,110
L24,76,110
L56,20,110
R11,31,110
R8,39,110
L35,4,110
L4,0,111
L77,23,111
R45,68,111
L68,0,112
R50,50,112
R53,3,113
L303,0,117
R50,50,117
R27,77,117
L77,0,118
L44,56,118
L956,0,128
R622,22,134
L19,3,134
L677,26,141
L4,22,141
L76,46,142
R62,8,143
L50,58,144
L84,74,145
R23,97,145
R89,86,146
R97,83,147
L94,89,148
L89,0,149
R99,99,149
R7,6,150
R53,59,150
L59,0,151
R76,76,151
R93,69,152
L31,38,152
L15,23,152
L23,0,153
R88,88,153
R12,0,154
L93,7,154
L36,71,155
R460,31,160
R47,78,160
R22,0,161
L69,31,161
L58,73,162
R45,18,163
L718,0,171
R94,94,171
L23,71,171
L28,43,171
L43,0,172
R80,80,172
L80,0,173
L85,15,173
L15,0,174
R85,85,174
R35,20,175
R180,0,177
R67,67,177
L43,24,177
L79,45,178
R54,99,178
L99,0,179
L90,10,179
L10,0,180
R64,64,180
R408,72,184
L72,0,185
R38,38,185
L87,51,186
R36,87,186
L48,39,186
L39,0,187
L67,33,187
L33,0,188
R30,30,188
R37,67,188
R2,69,188
R94,63,189
R441,4,194
L521,83,200
L47,36,200
R12,48,200
L40,8,200
R671,79,206
R21,0,207
R7,7,207
R147,54,208
L54,0,209
L889,11,217
L74,37,218
L258,79,221
L51,28,221
R10,38,221
L796,42,229
R30,72,229
R79,51,230
L51,0,231
R78,78,231
L84,94,232
L5,89,232
R54,43,233
R55,98,233
L30,68,233
L68,0,234
R79,79,234
L10,69,234
L269,0,237
L65,35,237
L53,82,238
R61,43,239
R240,83,241
R29,12,242
L28,84,243
R330,14,247
R25,39,247
L54,85,248
L585,0,254
R71,71,254
L41,30,254
R47,77,254
L507,70,259
R30,0,260
R156,56,261
L56,0,262
L724,76,269
L76,0,270
R33,33,270
R1,34,270
R94,28,271
L37,91,272
L7,84,272
R52,36,273
L47,89,274
R611,0,281
R72,72,281
L13,59,281
L97,62,282
R38,0,283
R92,92,283
R65,57,284
L57,0,285
R858,58,293
L83,75,294
L75,0,295
R30,30,295
L330,0,299
L476,24,303
L47,77,304
R33,10,305
L87,23,306
L52,71,307
R29,0,308
L55,45,308
L45,0,309
R1,1,309
R99,0,310
R39,39,310
R61,0,311
L17,83,311
L783,0,319
L33,67,319
L67,0,320
R42,42,320
R86,28,321
R22,50,321
L450,0,326
R69,69,326
R31,0,327
R30,30,327
L930,0,337
L3,97,337
L39,58,337
R973,31,347
L38,93,348
R25,18,349
R23,41,349
R79,20,350
R39,59,350
L59,0,351
R605,5,357
L334,71,361
L98,73,362
L973,0,372
L15,85,372
R11,96,372
L82,14,372
R86,0,373
L57,43,373
R29,72,373
R65,37,374
R5,42,374
L52,90,375
L8,82,375
R26,8,376
R33,41,376
R59,0,377
L31,69,377
L18,51,377
R49,0,378
R81,81,378
L81,0,379
R357,57,382
L57,0,383
L51,49,383
R51,0,384
L17,83,384
R67,50,385
L108,42,386
R58,0,387
R12,12,387
R373,85,390
R15,0,391
R18,18,391
L618,0,398
R768,68,405
L4,64,405
L29,35,405
R31,66,405
L25,41,405
R39,80,405
L880,0,414
R81,81,414
L56,25,414
R75,0,415
R77,77,415
L452,25,419
R75,0,420
R49,49,420
R35,84,420
R85,69,421
L103,66,422
L97,69,423
R9,78,423
L934,44,432
R53,97,432
R46,43,433
L43,0,434
L10,90,434
L436,54,438
R47,1,439
R65,66,439
R25,91,439
L6,85,439
R223,8,442
R411,19,446
L19,0,447
R532,32,452
L21,11,452
L69,42,453
L89,53,454
L37,16,454
R88,4,455
R94,98,455
R2,0,456
L83,17,456
L16,1,456
L717,84,464
R18,2,465
L49,53,466
L37,16,466
L16,0,467
L65,35,467
R65,0,468
L454,46,472
R26,72,472
R210,82,474
L58,24,474
R50,74,474
R526,0,480
R97,97,480
R92,89,481
R20,9,482
L196,13,484
L13,0,485
L12,88,485
L88,0,486
L17,83,486
R48,31,487
R984,15,497
L15,0,498
L50,50,498
L70,80,499
R20,0,500
R49,49,500
L49,0,501
R42,42,501
R60,2,502
L13,89,503
R11,0,504
R50,50,504
L71,79,505
R79,58,506
R96,54,507
R46,0,508
R57,57,508
R21,78,508
L778,0,516
L803,97,524
R3,0,525
L865,35,533
R22,57,533
L40,17,533
R407,24,537
L79,45,538
L57,88,539
R12,0,540
R11,11,540
L864,47,549
L47,0,550
R90,90,550
R98,88,551
R12,0,552
L216,84,554
L84,0,555
L97,3,555
L2,1,555
L25,76,556
L33,43,556
R33,76,556
L990,86,566
L58,28,566
L167,61,568
L28,33,568
R33,66,568
R340,6,572
R94,0,573
L38,62,573
R80,42,574
L42,0,575
L21,79,575
R28,7,576
R474,81,580
R4,85,580
L85,0,581
R59,59,581
L59,0,582
L979,21,591
R79,0,592
R77,77,592
R123,0,594
R515,15,599
L15,0,600
R32,32,600
L32,0,601
L21,79,601
L116,63,602
R37,0,603
L74,26,603
R74,0,604
L51,49,604
R35,84,604
L37,47,604
L26,21,604
R90,11,605
L56,55,606
R45,0,607
L280,20,609
R604,24,615
L60,64,616
R328,92,619
L92,0,620
R913,13,629
R60,73,629
L21,52,629
L34,18,629
L18,0,630
R4,4,630
R93,97,630
L97,0,631
R54,54,631
L54,0,632
R86,86,632
R2,88,632
R12,0,633
L11,89,633
R11,0,634
L177,23,635
L22,1,635
R99,0,636
R25,25,636
L25,0,637
R7,7,637
L41,66,638
L30,36,638
L36,0,639
R86,86,639
R53,39,640
L606,33,646
R67,0,647
R5,5,647
L505,0,653
R164,64,654
L64,0,655
R98,98,655
L3,95,655
L195,0,657
L54,46,657
L97,49,658
R51,0,659
L20,80,659
R20,0,660
R92,92,660
L92,0,661
R65,65,661
R35,0,662
L42,58,662
R63,21,663
R79,0,664
R31,31,664
R94,25,665
R75,0,666
R18,18,666
R82,0,667
R32,32,667
L547,85,673
R153,38,675
R35,73,675
L573,0,681
R599,99,686
R90,89,687
R27,16,688
L16,0,689
L20,80,689
R20,0,690
L855,45,698
R255,0,701
R925,25,710
R75,0,711
R729,29,718
L29,0,719
L899,1,727
L1,0,728
L86,14,728
R29,43,728
L3,40,728
L40,0,729
L149,51,730
R69,20,731
L458,62,736
R11,73,736
L61,12,736
L580,32,742
R321,53,745
R247,0,748
L57,43,748
L63,80,749
L14,66,749
R57,23,750
R19,42,750
L42,0,751
L54,46,751
R31,77,751
R769,46,759
R57,3,760
L637,66,767
L544,22,772
L94,28,773
R7,35,773
L81,54,774
L73,81,775
R352,33,779
L8,25,779
L25,0,780
L878,22,788
R478,0,793
R70,70,793
R90,60,794
L37,23,794
L811,12,802
L70,42,803
L42,0,804
L92,8,804
R54,62,804
R43,5,805
R95,0,806
L161,39,807
L22,17,807
L17,0,808
L93,7,808
L565,42,814
L42,0,815
L63,37,815
L611,26,821
L726,0,829
L80,20,829
L42,78,830
L378,0,834
L81,19,834
L49,70,835
L83,87,836
L287,0,839
R819,19,847
L54,65,848
L53,12,848
R488,0,853
R47,47,853
R14,61,853
L141,20,854
L420,0,859
L72,28,859
R72,0,860
L17,83,860
L939,44,869
L36,8,869
R192,0,871
R66,66,871
L50,16,871
R84,0,872
R27,27,872
L85,42,873
L69,73,874
L646,27,880
L85,42,881
R25,67,881
R33,0,882
R97,97,882
L686,11,888
R989,0,898
R90,90,898
R67,57,899
L57,0,900
L14,86,900
L70,16,900
L17,99,901
L375,24,904
R37,61,904
L61,0,905
R2,2,905
L2,0,906
R443,43,910
R22,65,910
R611,76,916
R83,59,917
L59,0,918
L451,49,922
L304,45,925
R48,93,925
L24,69,925
L69,0,926
R8,8,926
R92,0,927
R12,12,927
L12,0,928
L76,24,928
L424,0,933
L351,49,936
L51,98,937
L98,0,938
L4,96,938
L42,54,938
R77,31,939
L87,44,940
R33,77,940
R17,94,940
R6,0,941
R21,21,941
L342,79,945
R321,0,949
R32,32,949
L54,78,950
R206,84,952
R67,51,953
R27,78,953
L30,48,953
L71,77,954
R34,11,955
L88,23,956
R77,0,957
R68,68,957
R6,74,957
L30,44,957
L93,51,958
R62,13,959
L141,72,961
R26,98,961
R3,1,962
L942,59,972
L20,39,972
R16,55,972
R19,74,972
R26,0,973
L71,29,973
R957,86,982
L43,43,982
R42,85,982
L10,75,982
R21,96,982
R4,0,983
L27,73,983
L85,88,984
L3,85,984
L64,21,984
L21,0,985
L87,13,985
R3,16,985
L816,0,994
R47,47,994
L46,1,994
R99,0,995
L75,25,995
L25,0,996
L71,29,996
R83,12,997
L67,45,998
L25,20,998
R41,61,998
L61,0,999
R28,28,999
R192,20,1001
L20,0,1002
L11,89,1002
L989,0,1012
R64,64,1012
R25,89,1012
L62,27,1012
L227,0,1015
R92,92,1015
L692,0,1022
L68,32,1022
L14,18,1022
R82,0,1023
R81,81,1023
L77,4,1023
R62,66,1023
R88,54,1024
R46,0,1025
L91,9,1025
R59,68,1025
R57,25,1026
L88,37,1027
L687,50,1034
R38,88,1034
L88,0,1035
R90,90,1035
L190,0,1037
R24,24,1037
L82,42,1038
L73,69,1039
R540,9,1045
R136,45,1046
L888,57,1055
R443,0,1060
R40,40,1060
R260,0,1063
L1,99,1063
L99,0,1064
L6,94,1064
R88,82,1065
L82,0,1066
L37,63,1066
L63,0,1067
L790,10,1074
L28,82,1075
L40,42,1075
R69,11,1076
L11,0,1077
L83,17,1077
L95,22,1078
L61,61,1079
R29,90,1079
L54,36,1079
L236,0,1082
R25,25,1082
L90,35,1083
R399,34,1087
L49,85,1088
L67,18,1088
L18,0,1089
R47,47,1089
L46,1,1089
L866,35,1098
L2,33,1098
R41,74,1098
R62,36,1099
R64,0,1100
L67,33,1100
L5,28,1100
L10,18,1100
R199,17,1102
L61,56,1103
L556,0,1109
R26,26,1109
R31,57,1109
R25,82,1109
R9,91,1109
R9,0,1110
L50,50,1110
L76,74,1111
R26,0,1112
L303,97,1115
R3,0,1116
R2,2,1116
L35,67,1117
L1,66,1117
R98,64,1118
R87,51,1119
L51,0,1120
R28,28,1120
L28,0,1121
L23,77,1121
L2,75,1121
L175,0,1123
L12,88,1123
L21,67,1123
L22,45,1123
R555,0,1129
R952,52,1138
L52,0,1139
R345,45,1142
R63,8,1143
R639,47,1149
R679,26,1156
R54,80,1156
L13,67,1156
L67,0,1157
R12,12,1157
L12,0,1158
R23,23,1158
L64,59,1159
L33,26,1159
R874,0,1168
L932,68,1177
R32,0,1178
L99,1,1178
L34,67,1179
R92,59,1180
R41,0,1181
L37,63,1181
R22,85,1181
L8,77,1181
L73,4,1181
L427,77,1186
R23,0,1187
R15,15,1187
R17,32,1187
R61,93,1187
L44,49,1187
R67,16,1188
L116,0,1190
L66,34,1190
L32,2,1190
R80,82,1190
L11,71,1190
L44,27,1190
L27,0,1191
R60,60,1191
R40,0,1192
L66,34,1192
R66,0,1193
L60,40,1193
L40,0,1194
R372,72,1197
L772,0,1205
R52,52,1205
R48,0,1206
R90,90,1206
L77,13,1206
R94,7,1207
L7,0,1208
R81,81,1208
L381,0,1212
L60,40,1212
R854,94,1220
R95,89,1221
L989,0,1231
R40,40,1231
R32,72,1231
L41,31,1231
L68,63,1232
L63,0,1233
R919,19,1242
R781,0,1250
R57,57,1250
L32,25,1250
L25,0,1251
R18,18,1251
L861,57,1260
L815,42,1268
R698,40,1275
L16,24,1275
L875,49,1284
L49,0,1285
L58,42,1285
R68,10,1286
R86,96,1286
R16,12,1287
R788,0,1295
L15,85,1295
L85,0,1296
L69,31,1296
R23,54,1296
L50,4,1296
R96,0,1297
R76,76,1297
L88,88,1298
R12,0,1299
L71,29,1299
L31,98,1300
L14,84,1300
R20,4,1301
L4,0,1302
L51,49,1302
L549,0,1308
L74,26,1308
L35,91,1309
L91,0,1310
L13,87,1310
R13,0,1311
L891,9,1319
L85,24,1320
L76,48,1321
R37,85,1321
L660,25,1327
R75,0,1328
L9,91,1328
L322,69,1331
L69,0,1332
R817,17,1340
R83,0,1341
L75,25,1341
L25,0,1342
R85,85,1342
R57,42,1343
L669,73,1350
R1,74,1350
L74,0,1351
L57,43,1351
L48,95,1352
R76,71,1353
L71,0,1354
R394,94,1357
R98,92,1358
R44,36,1359
R93,29,1360
R91,20,1361
L90,30,1362
R35,65,1362
L193,72,1364
R57,29,1365
R31,60,1365
L60,0,1366
R240,40,1368
R60,0,1369
R62,62,1369
L44,18,1369
L18,0,1370
R6,6,1370
L506,0,1376
R46,46,1376
R54,0,1377
R74,74,1377
L74,0,1378
R80,80,1378
L294,86,1381
R277,63,1384
R49,12,1385
R8,20,1385
R88,8,1386
R92,0,1387
R78,78,1387
R611,89,1393
L611,78,1399
R22,0,1400
L928,72,1409
R89,61,1410
R839,0,1419
L27,73,1419
R66,39,1420
L39,0,1421
R11,11,1421
L11,0,1422
R56,56,1422
R97,53,1423
R922,75,1432
L574,1,1437
L1,0,1438
L89,11,1438
R15,26,1438
L73,53,1439
R947,0,1449
L61,39,1449
L85,54,1450
R46,0,1451
L72,28,1451
L28,0,1452
L72,28,1452
R29,57,1452
L23,34,1452
R66,0,1453
L33,67,1453
L67,0,1454
L2,98,1454
L798,0,1462
L90,10,1462
R31,41,1462
L46,95,1463
L61,34,1463
L934,0,1473
L85,15,1473
R85,0,1474
L17,83,1474
L83,0,1475
L14,86,1475
L4,82,1475
R518,0,1481
R43,43,1481
L5,38,1481
L78,60,1482
R40,0,1483
L9,91,1483
R9,0,1484
L814,86,1492
L444,42,1496
L90,52,1497
R5,57,1497
L57,0,1498
R35,35,1498
L435,0,1503
R780,80,1510
L80,0,1511
L98,2,1511
L2,0,1512
R57,57,1512
R269,26,1515
R23,49,1515
R51,0,1516
L17,83,1516
L385,98,1520
L991,7,1529
L5,2,1529
L26,76,1530
L27,49,1530
L28,21,1530
R19,40,1530
R93,33,1531
L33,0,1532
R18,18,1532
L34,84,1533
L9,75,1533
L66,9,1533
L48,61,1534
L92,69,1535
R17,86,1535
R214,0,1538
L368,32,1541
L38,94,1542
R98,92,1543
R18,10,1544
L10,0,1545
R88,88,1545
L288,0,1548
L41,59,1548
L267,92,1551
R8,0,1552
R38,38,1552
L745,93,1560
R7,0,1561
L23,77,1561
L1,76,1561
L44,32,1561
L91,41,1562
L89,52,1563
R87,39,1564
L639,0,1571
R12,12,1571
R86,98,1571
L98,0,1572
R182,82,1573
L93,89,1574
R397,86,1578
L86,0,1579
R50,50,1579
R50,0,1580
L84,16,1580
R84,0,1581
R29,29,1581
R44,73,1581
R98,71,1582
L96,75,1583
L53,22,1583
L90,32,1584
R837,69,1592
R31,0,1593
R355,55,1596
R45,0,1597
L22,78,1597
L18,60,1597
R68,28,1598
R3,31,1598
R54,85,1598
L20,65,1598
R12,77,1598
L43,34,1598
L47,87,1599
R70,57,1600
L86,71,1601
R74,45,1602
L45,0,1603
R867,67,1611
L85,82,1612
L82,0,1613
R46,46,1613
R48,94,1613
R898,92,1622
L98,94,1623
R30,24,1624
R2,26,1624
R74,0,1625
L47,53,1625
R1,54,1625
L48,6,1625
R36,42,1625
L26,16,1625
L97,19,1626
R81,0,1627
L91,9,1627
R413,22,1631
L22,0,1632
R78,78,1632
L78,0,1633
R19,19,1633
R263,82,1635
L382,0,1639
L45,55,1639
L18,37,1639
R476,13,1644
L44,69,1645
L112,57,1646
R22,79,1646
L79,0,1647
R34,34,1647
L9,25,1647
L25,0,1648
L22,78,1648
R22,0,1649
R8,8,1649
R39,47,1649
L47,0,1650
R46,46,1650
L229,17,1652
L996,21,1662
R79,0,1663
L12,88,1663
L47,41,1663
L15,26,1663
R74,0,1664
L70,30,1664
L22,8,1664
R92,0,1665
R505,5,1670
L33,72,1671
R28,0,1672
R15,15,1672
R80,95,1672
L47,48,1672
L27,21,1672
L87,34,1673
L34,0,1674
L37,63,1674
L97,66,1675
L24,42,1675
L42,0,1676
R10,10,1676
R90,0,1677
R98,98,1677
L44,54,1677
R46,0,1678
L546,54,1683
R88,42,1684
R46,88,1684
R558,46,1690
L46,0,1691
R62,62,1691
R738,0,1699
L93,7,1699
R16,23,1699
L340,83,1703
R17,0,1704
L32,68,1704
L168,0,1706
R12,12,1706
L175,37,1708
L37,0,1709
L19,81,1709
L81,0,1710
L51,49,1710
L8,41,1710
L903,38,1719
L38,0,1720
L62,38,1720
L38,0,1721
R77,77,1721
L185,92,1723
R33,25,1724
L94,31,1725
L10,21,1725
R91,12,1726
L12,0,1727
R72,72,1727
L63,9,1727
R17,26,1727
L26,0,1728
R55,55,1728
R58,13,1729
R87,0,1730
R660,60,1736
L77,83,1737
L77,6,1737
L71,35,1738
L68,67,1739
L80,87,1740
R13,0,1741
L81,19,1741
R36,55,1741
R1,56,1741
L56,0,1742
R71,71,1742
R63,34,1743
R66,0,1744
L77,23,1744
R51,74,1744
L186,88,1746
R45,33,1747
R14,47,1747
L47,0,1748
R92,92,1748
R707,99,1755
L21,78,1755
L886,92,1764
L92,0,1765
L50,50,1765
L50,0,1766
R870,70,1774
R74,44,1775
L75,69,1776
L59,10,1776
L40,70,1777
L35,35,1777
R65,0,1778
R24,24,1778
R15,39,1778
L78,61,1779
R73,34,1780
R66,0,1781
R267,67,1783
L48,19,1783
L19,0,1784
R2,2,1784
R83,85,1784
R99,84,1785
R355,39,1789
L39,0,1790
R72,72,1790
R37,9,1791
R91,0,1792
R22,22,1792
L22,0,1793
R83,83,1793
L83,0,1794
L62,38,1794
L25,13,1794
R278,91,1796
R77,68,1797
R809,77,1805
L48,29,1805
L29,0,1806
R89,89,1806
L18,71,1806
R29,0,1807
R50,50,1807
L24,26,1807
L24,2,1807
R83,85,1807
R15,0,1808
R10,10,1808
L741,69,1816
R68,37,1817
R86,23,1818
R6,29,1818
L29,0,1819
L9,91,1819
L8,83,1819
L419,64,1823
R36,0,1824
L187,13,1825
L13,0,1826
R989,89,1835
R56,45,1836
L466,79,1841
L296,83,1844
R158,41,1846
L41,0,1847
L81,19,1847
L65,54,1848
R86,40,1849
R22,62,1849
R938,0,1859
L81,19,1859
R652,71,1865
L49,22,1865
L22,0,1866
L75,25,1866
R793,18,1874
R82,0,1875
R98,98,1875
L373,25,1878
R10,35,1878
L116,19,1879
L11,8,1879
L93,15,1880
R85,0,1881
L759,41,1888
R22,63,1888
R37,0,1889
L13,87,1889
L20,67,1889
L45,22,1889
L12,10,1889
R77,87,1889
R54,41,1890
R583,24,1896
R50,74,1896
L370,4,1899
R96,0,1900
R672,72,1906
R48,20,1907
R3,23,1907
R77,0,1908
L45,55,1908
L42,13,1908
L13,0,1909
L55,45,1909
L81,64,1910
R87,51,1911
L51,0,1912
L4,96,1912
L96,0,1913
L55,45,1913
L45,0,1914
R151,51,1915
R374,25,1919
L16,9,1919
L52,57,1920
L957,0,1930
R94,94,1930
L194,0,1932
L94,6,1932
R34,40,1932
L18,22,1932
L97,25,1933
R475,0,1938
R337,37,1941
R74,11,1942
R35,46,1942
L346,0,1946
R74,74,1946
L74,0,1947
R169,69,1948
R36,5,1949
R242,47,1951
R61,8,1952
R78,86,1952
L161,25,1953
R798,23,1961
R37,60,1961
R59,19,1962
R567,86,1967
R14,0,1968
R38,38,1968
R73,11,1969
L52,59,1970
R39,98,1970
L29,69,1970
L35,34,1970
R6,40,1970
L31,9,1970
R87,96,1970
R4,0,1971
R656,56,1977
L43,13,1977
R65,78,1977
L78,0,1978
R8,8,1978
R14,22,1978
R14,36,1978
L29,7,1978
L7,0,1979
L15,85,1979
L36,49,1979
L49,0,1980
R189,89,1981
R53,42,1982
L55,87,1983
L759,28,1990
L70,58,1991
R860,18,2000
R7,25,2000
R36,61,2000
L570,91,2006
L91,0,2007
R57,57,2007
L787,70,2015
R30,0,2016
R77,77,2016
L93,84,2017
L84,0,2018
L62,38,2018
R54,92,2018
L91,1,2018
L1,0,2019
R69,69,2019
L37,32,2019
L21,11,2019
R91,2,2020
R33,35,2020
R72,7,2021
R53,60,2021
R40,0,2022
R58,58,2022
L58,0,2023
R72,72,2023
L62,10,2023
R87,97,2023
R3,0,2024
L17,83,2024
R229,12,2027
R865,77,2035
L77,0,2036
L61,39,2036
L67,72,2037
R28,0,2038
R16,16,2038
L88,28,2039
R1,29,2039
R71,0,2040
L507,93,2045
L193,0,2047
L446,54,2051
R46,0,2052
R38,38,2052
R62,0,2053
R53,53,2053
L653,0,2060
R94,94,2060
L94,0,2061
R57,57,2061
R402,59,2065
L32,27,2065
L1,26,2065
R25,51,2065
R49,0,2066
R51,51,2066
R57,8,2067
L8,0,2068
R43,43,2068
R857,0,2077
L88,12,2077
R88,0,2078
R83,83,2078
R17,0,2079
R322,22,2082
L46,76,2083
L81,95,2084
L795,0,2092
L32,68,2092
R732,0,2100
R76,76,2100
L276,0,2103
L181,19,2104
L19,0,2105
R33,33,2105
R16,49,2105
L61,88,2106
R555,43,2112
R457,0,2117
L28,72,2117
L953,19,2126
L79,40,2127
L69,71,2128
L71,0,2129
L25,75,2129
L715,60,2136
R53,13,2137
L25,88,2138
R12,0,2139
L72,28,2139
R523,51,2144
L451,0,2149
L37,63,2149
L42,21,2149
R45,66,2149
L12,54,2149
R46,0,2150
R99,99,2150
R23,22,2151
L59,63,2152
R37,0,2153
R97,97,2153
R91,88,2154
R410,98,2158
R2,0,2159
R46,46,2159
R220,66,2161
R998,64,2171
R36,0,2172
R63,63,2172
R37,0,2173
L522,78,2178
R222,0,2181
L714,86,2188
L703,83,2195
L1,82,2195
R18,0,2196
R534,34,2201
L60,74,2202
R26,0,2203
R39,39,2203
R391,30,2207
L630,0,2214
L3,97,2214
L97,0,2215
L132,68,2216
R32,0,2217
L499,1,2221
R69,70,2221
L70,0,2222
L30,70,2222
L83,87,2223
L72,15,2223
R87,2,2224
L2,0,2225
R40,40,2225
R60,0,2226
R50,50,2226
R44,94,2226
L56,38,2226
R62,0,2227
L45,55,2227
L77,78,2228
L23,55,2228
L83,72,2229
L94,78,2230
R22,0,2231
L67,33,2231
R65,98,2231
L98,0,2232
L57,43,2232
R25,68,2232
R32,0,2233
R67,67,2233
R45,12,2234
R787,99,2241
R1,0,2242
L31,69,2242
L69,0,2243
L42,58,2243
L58,0,2244
R831,31,2252
R568,99,2257
R51,50,2258
L50,0,2259
L75,25,2259
L25,0,2260
L833,67,2268
R426,93,2272
R72,65,2273
R35,0,2274
L299,1,2276
L65,36,2277
R263,99,2279
R1,0,2280
R89,89,2280
R11,0,2281
L80,20,2281
R43,63,2281
L63,0,2282
L38,62,2282
R38,0,2283
R6,6,2283
R80,86,2283
L919,67,2292
L40,27,2292
L27,0,2293
L66,34,2293
R45,79,2293
L79,0,2294
L80,20,2294
L776,44,2302
R56,0,2303
L87,13,2303
L8,5,2303
L15,90,2304
R13,3,2305
R997,0,2315
L89,11,2315
L6,5,2315
L28,77,2316
R27,4,2317
L99,5,2318
L5,0,2319
R79,79,2319
R96,75,2320
L75,0,2321
L72,28,2321
L54,74,2322
L74,0,2323
R74,74,2323
L19,55,2323
R1,56,2323
L56,0,2324
R41,41,2324
L20,21,2324
L6,15,2324
R80,95,2324
R5,0,2325
L9,91,2325
L813,78,2333
R62,40,2334
R760,0,2342
R51,51,2342
R61,12,2343
R23,35,2343
R365,0,2347
L62,38,2347
R62,0,2348
R39,39,2348
R67,6,2349
L66,40,2350
R468,8,2355
R9,17,2355
R538,55,2360
L55,0,2361
R20,20,2361
R280,0,2364
L71,29,2364
L629,0,2371
L78,22,2371
R728,50,2378
R39,89,2378
L50,39,2378
L139,0,2380
R119,19,2381
L23,96,2382
R3,99,2382
L62,37,2382
L37,0,2383
R96,96,2383
L338,58,2386
R302,60,2389
L87,73,2390
L17,56,2390
R644,0,2397
R82,82,2397
R64,46,2398
L46,0,2399
L16,84,2399
L23,61,2399
R1,62,2399
R38,0,2400
R28,28,2400
L18,10,2400
L1,9,2400
L83,26,2401
L4,22,2401
L82,40,2402
L7,33,2402
L533,0,2408
R93,93,2408
R41,34,2409
L66,68,2410
R32,0,2411
R259,59,2413
L8,51,2413
L22,29,2413
R36,65,2413
R35,0,2414
R85,85,2414
R82,67,2415
L745,22,2422
R78,0,2423
R68,68,2423
R92,60,2424
L96,64,2425
L64,0,2426
R5,5,2426
L85,20,2427
L20,0,2428
L65,35,2428
L35,0,2429
R22,22,2429
L21,1,2429
L8,93,2430
R307,0,2434
L29,71,2434
R29,0,2435
R94,94,2435
R65,59,2436
L910,49,2445
R74,23,2446
R77,0,2447
L561,39,2452
L72,67,2453
R71,38,2454
R96,34,2455
R48,82,2455
R37,19,2456
R837,56,2464
R860,16,2473
L93,23,2474
L349,74,2478
R26,0,2479
L99,1,2479
L347,54,2483
R146,0,2485
L58,42,2485
R16,58,2485
L898,60,2494
L362,98,2498
R777,75,2506
L75,0,2507
L33,67,2507
R19,86,2507
L79,7,2507
R473,80,2511
L61,19,2511
L32,87,2512
L26,61,2512
R34,95,2512
R5,0,2513
L55,45,2513
R82,27,2514
L85,42,2515
L642,0,2522
L44,56,2522
R844,0,2531
R33,33,2531
R994,27,2541
R51,78,2541
L78,0,2542
R39,39,2542
L8,31,2542
R69,0,2543
R2,2,2543
R98,0,2544
R60,60,2544
L60,0,2545
R89,89,2545
R11,0,2546
L701,99,2553
R77,76,2554
R72,48,2555
L952,96,2565
L96,0,2566
L813,87,2574
R91,78,2575
R22,0,2576
R82,82,2576
L650,32,2582
L59,73,2583
R21,94,2583
L57,37,2583
R63,0,2584
R82,82,2584
L60,22,2584
L60,62,2585
L59,3,2585
R33,36,2585
L69,67,2586
L47,20,2586
R12,32,2586
R468,0,2591
L69,31,2591
R69,0,2592
R96,96,2592
R25,21,2593
R46,67,2593
L10,57,2593
L57,0,2594
L56,44,2594
R56,0,2595
R940,40,2604
R60,0,2605
L62,38,2605
L38,0,2606
L54,46,2606
L341,5,2609
L83,22,2610
L22,0,2611
L56,44,2611
R39,83,2611
L72,11,2611
L7,4,2611
L302,2,2614
R98,0,2615
L37,63,2615
L96,67,2616
L9,58,2616
R453,11,2621
L11,0,2622
R42,42,2622
L16,26,2622
R4,30,2622
R670,0,2629
L76,24,2629
R1,25,2629
L94,31,2630
L231,0,2633
R24,24,2633
L50,74,2634
L74,0,2635
R79,79,2635
L679,0,2642
L880,20,2650
L820,0,2659
L468,32,2663
L18,14,2663
R55,69,2663
R579,48,2669
R49,97,2669
L97,0,2670
L45,55,2670
R874,29,2679
R71,0,2680
L76,24,2680
L951,73,2690
R27,0,2691
R54,54,2691
L54,0,2692
L9,91,2692
L33,58,2692
R542,0,2698
R53,53,2698
R59,12,2699
L76,36,2700
L12,24,2700
L24,0,2701
R34,34,2701
L34,0,2702
L15,85,2702
R56,41,2703
L56,85,2704
L16,69,2704
R69,38,2705
L64,74,2706
R53,27,2707
L27,0,2708
R93,93,2708
L85,8,2708
L10,98,2709
L242,56,2711
R44,0,2712
L38,62,2712
L45,17,2712
L26,91,2713
L91,0,2714
L196,4,2715
L204,0,2718
L9,91,2718
R9,0,2719
L812,88,2727
L954,34,2736
R66,0,2737
R83,83,2737
R42,25,2738
L608,17,2744
R83,0,2745
L70,30,2745
R375,5,2749
L38,67,2750
L19,48,2750
R52,0,2751
L44,56,2751
L18,38,2751
L41,97,2752
R33,30,2753
L10,20,2753
L820,0,2762
L27,73,2762
R601,74,2768
L24,50,2768
R50,0,2769
L90,10,2769
R90,0,2770
L5,95,2770
R23,18,2771
L73,45,2772
L86,59,2773
R601,60,2779
R70,30,2780
L33,97,2781
R303,0,2785
R22,22,2785
L22,0,2786
L384,16,2789
L65,51,2790
L51,0,2791
R45,45,2791
L82,63,2792
L922,41,2801
R3,44,2801
L75,69,2802
L5,64,2802
L864,0,2811
L4,96,2811
R67,63,2812
L63,0,2813
L70,30,2813
L134,96,2815
R704,0,2823
R21,21,2823
R79,0,2824
R943,43,2833
L43,0,2834
R89,89,2834
L38,51,2834
R23,74,2834
L74,0,2835
L18,82,2835
L782,0,2843
R41,41,2843
R59,0,2844
L47,53,2844
L345,8,2847
R18,26,2847
R74,0,2848
L832,68,2856
R811,79,2864
R485,64,2869
L622,42,2875
L56,86,2876
L522,64,2881
R92,56,2882
L56,0,2883
R96,96,2883
R389,85,2887
L49,36,2887
L70,66,2888
L43,23,2888
R41,64,2888
L638,26,2894
L26,0,2895
L85,15,2895
R735,50,2902
R88,38,2903
R84,22,2904
L82,40,2905
L78,62,2906
R38,0,2907
R72,72,2907
L20,52,2907
L30,22,2907
R66,88,2907
L596,92,2913
R76,68,2914
L68,0,2915
L317,83,2918
R17,0,2919
R313,13,2922
R72,85,2922
R99,84,2923
R16,0,2924
R18,18,2924
R38,56,2924
R244,0,2927
L116,84,2928
L466,18,2932
L3,15,2932
R696,11,2939
R89,0,2940
R830,30,2948
R63,93,2948
R64,57,2949
L57,0,2950
R15,15,2950
R69,84,2950
R99,83,2951
R48,31,2952
R949,80,2961
R26,6,2962
R951,57,2971
R33,90,2971
R10,0,2972
L40,60,2972
L60,0,2973
R59,59,2973
R79,38,2974
R32,70,2974
R29,99,2974
L820,79,2982
L56,23,2982
R72,95,2982
L41,54,2982
R66,20,2983
L20,0,2984
L110,90,2985
R10,0,2986
L844,56,2994
R44,0,2995
R171,71,2996
R94,65,2997
L65,0,2998
R8,8,2998
R611,19,3004
R48,67,3004
R33,0,3005
L211,89,3007
L61,28,3007
L728,0,3015
L91,9,3015
R21,30,3015
R70,0,3016
L199,1,3017
R20,21,3017
R18,39,3017
L51,88,3018
L33,55,3018
R10,65,3018
R47,12,3019
R90,2,3020
L95,7,3021
L186,21,3023
R36,57,3023
R43,0,3024
R684,84,3030
L84,0,3031
R221,21,3033
L16,5,3033
R776,81,3040
L581,0,3046
L83,17,3046
L17,0,3047
R902,2,3056
R98,0,3057
L277,23,3059
L223,0,3062
L47,53,3062
R43,96,3062
L75,21,3062
L21,0,3063
L612,88,3069
R56,44,3070
L88,56,3071
L24,32,3071
L26,6,3071
R45,51,3071
R49,0,3072
R82,82,3072
L82,0,3073
L1,99,3073
R1,0,3074
L741,59,3081
R719,78,3088
R52,30,3089
R70,0,3090
R59,59,3090
R60,19,3091
R64,83,3091
L74,9,3091
R30,39,3091
L902,37,3100
R63,0,3101
R38,38,3101
L93,45,3102
R888,33,3111
R97,30,3112
R741,71,3119
L171,0,3121
R88,88,3121
R88,76,3122
R46,22,3123
R86,8,3124
R92,0,3125
L580,20,3130
R80,0,3131
L493,7,3135
L7,0,3136
L787,13,3143
R87,0,3144
L52,48,3144
R58,6,3145
R97,3,3146
R51,54,3146
R10,64,3146
R36,0,3147
R96,96,3147
L96,0,3148
L88,12,3148
L610,2,3154
R898,0,3163
R95,95,3163
L268,27,3165
L33,94,3166
L94,0,3167
R10,10,3167
L394,16,3171
R40,56,3171
R80,36,3172
R364,0,3176
L327,73,3179
R58,31,3180
R16,47,3180
R53,0,3181
R11,11,3181
R42,53,3181
R54,7,3182
L6,1,3182
R68,69,3182
R88,57,3183
R43,0,3184
R93,93,3184
R15,8,3185
R92,0,3186
R4,4,3186
L4,0,3187
R28,28,3187
L70,58,3188
R42,0,3189
R73,73,3189
L73,0,3190
L46,54,3190
L16,38,3190
L38,0,3191
L68,32,3191
L32,0,3192
R635,35,3198
L789,46,3206
L43,3,3206
L32,71,3207
R34,5,3208
R95,0,3209
R86,86,3209
L21,65,3209
L265,0,3212
L931,69,3221
L26,43,3221
R22,65,3221
L68,97,3222
R3,0,3223
L90,10,3223
L10,0,3224
R85,85,3224
L11,74,3224
R934,8,3234
R72,80,3234
L32,48,3234
L8,40,3234
L40,0,3235
R46,46,3235
L36,10,3235
L58,52,3236
L52,0,3237
L12,88,3237
L55,33,3237
L22,11,3237
L11,0,3238
L795,5,3245
L244,61,3248
R585,46,3254
L46,0,3255
L1,99,3255
R1,0,3256
L376,24,3259
R25,49,3259
R42,91,3259
R981,72,3269
R39,11,3270
R39,50,3270
R768,18,3278
L254,64,3281
L51,13,3281
R87,0,3282
R47,47,3282
L491,56,3287
R44,0,3288
L888,12,3296
L735,77,3304
R730,7,3312
R56,63,3312
R37,0,3313
R262,62,3315
L894,68,3324
L868,0,3333
L53,47,3333
L75,72,3334
L42,30,3334
R65,95,3334
L795,0,3342
R412,12,3346
L20,92,3347
R25,17,3348
L98,19,3349
R434,53,3353
L78,75,3354
R62,37,3355
L26,11,3355
L711,0,3363
R61,61,3363
L98,63,3364
R37,0,3365
R64,64,3365
R36,0,3366
L768,32,3373
L57,75,3374
R25,0,3375
R14,14,3375
R57,71,3375
L60,11,3375
L33,78,3376
L346,32,3379
L32,0,3380
L1,99,3380
R1,0,3381
L80,20,3381
R36,56,3381
L17,39,3381
R78,17,3382
L17,0,3383
L57,43,3383
L49,94,3384
R79,73,3385
L430,43,3389
L543,0,3395
L21,79,3395
L79,0,3396
R37,37,3396
L55,82,3397
R3,85,3397
L85,0,3398
L31,69,3398
L83,86,3399
R10,96,3399
R4,0,3400
R79,79,3400
L79,0,3401
L39,61,3401
R68,29,3402
L29,0,3403
R221,21,3405
L21,0,3406
R395,95,3409
L95,0,3410
L57,43,3410
L504,39,3415
L843,96,3424
R704,0,3432
R960,60,3441
L83,77,3442
L99,78,3443
R17,95,3443
R48,43,3444
L61,82,3445
L93,89,3446
R11,0,3447
L59,41,3447
R59,0,3448
R73,73,3448
L73,0,3449
R45,45,3449
R39,84,3449
R16,0,3450
L982,18,3459
R82,0,3460
R62,62,3460
L62,0,3461
R105,5,3462
R775,80,3469
L38,42,3469
L42,0,3470
R43,43,3470
L43,0,3471
L74,26,3471
L45,81,3472
R61,42,3473
L33,9,3473
L33,76,3474
R71,47,3475
R90,37,3476
R266,3,3479
R88,91,3479
L74,17,3479
L17,0,3480
L924,76,3489
L51,25,3489
L89,36,3490
L9,27,3490
R93,20,3491
R7,27,3491
L89,38,3492
L18,20,3492
R80,0,3493
L967,33,3502
L96,37,3503
R63,0,3504
R491,91,3508
L33,58,3508
R54,12,3509
L12,0,3510
L53,47,3510
R2,49,3510
R54,3,3511
L3,0,3512
R89,89,3512
R7,96,3512
L96,0,3513
R94,94,3513
R38,32,3514
L32,0,3515
R95,95,3515
L542,53,3520
R99,52,3521
L85,67,3522
R10,77,3522
L177,0,3524
L92,8,3524
R80,88,3524
R12,0,3525
R32,32,3525
L54,78,3526
R140,18,3528
R77,95,3528
R5,0,3529
L18,82,3529
L982,0,3539
R13,13,3539
R52,65,3539
L65,0,3540
L92,8,3540
L8,0,3541
L8,92,3541
L96,96,3542
L22,74,3542
L516,58,3547
R42,0,3548
R81,81,3548
L81,0,3549
R51,51,3549
L43,8,3549
L808,0,3558
R2,2,3558
L402,0,3563
R66,66,3563
R12,78,3563
R22,0,3564
L54,46,3564
L37,9,3564
L11,98,3565
L32,66,3565
R34,0,3566
R5,5,3566
R395,0,3570
R11,11,3570
L11,0,3571
L28,72,3571
L74,98,3572
L98,0,3573
R615,15,3579
L15,0,3580
R86,86,3580
L16,70,3580
R51,21,3581
L87,34,3582
R90,24,3583
R76,0,3584
L22,78,3584
R22,0,3585
R46,46,3585
L21,25,3585
L25,0,3586
L51,49,3586
L49,0,3587
R22,22,3587
R78,0,3588
R550,50,3593
L75,75,3594
L75,0,3595
R811,11,3603
R89,0,3604
R80,80,3604
R49,29,3605
L77,52,3606
L52,0,3607
R61,61,3607
R779,40,3615
R77,17,3616
L65,52,3617
R23,75,3617
R72,47,3618
L47,0,3619
L45,55,3619
L66,89,3620
R13,2,3621
L2,0,3622
L70,30,3622
L766,64,3630
L45,19,3630
L15,4,3630
L98,6,3631
L60,46,3632
L46,0,3633
R93,93,3633
L39,54,3633
L91,63,3634
L87,76,3635
L6,70,3635
L70,0,3636
R97,97,3636
R70,67,3637
R304,71,3640
L5,66,3640
R6,72,3640
L86,86,3641
R39,25,3642
L80,45,3643
L45,0,3644
R470,70,3648
R21,91,3648
L135,56,3649
L56,0,3650
L63,37,3650
R93,30,3651
R15,45,3651
L911,34,3660
R66,0,3661
L22,78,3661
L15,63,3661
R44,7,3662
R38,45,3662
L45,0,3663
R23,23,3663
R59,82,3663
R18,0,3664
R30,30,3664
L53,77,3665
R42,19,3666
R81,0,3667
L258,42,3669
R58,0,3670
R412,12,3674
R36,48,3674
R99,47,3675
L47,0,3676
R26,26,3676
R33,59,3676
L370,89,3680
R748,37,3688
R39,76,3688
R26,2,3689
L716,86,3697
R40,26,3698
R433,59,3702
L34,25,3702
R75,0,3703
R18,18,3703
L18,0,3704
L39,61,3704
R46,7,3705
L30,77,3706
L50,27,3706
L29,98,3707
R46,44,3708
L70,74,3709
R59,33,3710
R870,3,3719
L97,6,3720
L27,79,3721
L32,47,3721
L93,54,3722
L54,0,3723
L81,19,3723
L19,0,3724
R89,89,3724
L42,47,3724
R153,0,3726
L37,63,3726
R37,0,3727
R94,94,3727
R6,0,3728
L192,8,3729
L89,19,3730
R93,12,3731
L24,88,3732
L6,82,3732
R77,59,3733
L87,72,3734
R28,0,3735
L52,48,3735
L35,13,3735
L877,36,3744
R18,54,3744
R8,62,3744
R27,89,3744
L30,59,3744
R3,62,3744
R8,70,3744
R53,23,3745
L23,0,3746
R470,70,3750
R930,0,3760
L13,87,3760
L87,0,3761
R42,42,3761
R58,0,3762
L96,4,3762
L604,0,3769
L29,71,3769
L68,3,3769
R90,93,3769
L51,42,3769
R601,43,3775
L54,89,3776
R911,0,3786
L12,88,3786
L28,60,3786
L28,32,3786
L44,88,3787
L442,46,3791
R88,34,3792
R61,95,3792
R1,96,3792
R58,54,3793
R46,0,3794
L67,33,3794
R96,29,3795
R84,13,3796
L713,0,3804
L37,63,3804
R88,51,3805
R3,54,3805
R1,55,3805
R87,42,3806
L37,5,3806
L5,0,3807
R78,78,3807
L16,62,3807
R39,1,3808
R775,76,3815
L76,0,3816
L49,51,3816
R49,0,3817
L30,70,3817
R30,0,3818
R82,82,3818
R618,0,3825
R21,21,3825
L546,75,3831
L88,87,3832
R18,5,3833
L805,0,3842
L84,16,3842
L62,54,3843
L54,0,3844
L134,66,3845
L573,93,3851
R53,46,3852
L494,52,3857
L52,0,3858
R95,95,3858
R338,33,3862
L23,10,3862
L10,0,3863
L72,28,3863
L469,59,3868
R16,75,3868
L75,0,3869
R64,64,3869
L65,99,3870
L62,37,3870
R63,0,3871
R66,66,3871
R3,69,3871
R35,4,3872
R96,0,3873
R33,33,3873
L37,96,3874
R4,0,3875
L69,31,3875
L31,0,3876
L80,20,3876
R62,82,3876
L82,0,3877
L66,34,3877
L21,13,3877
R35,48,3877
L84,64,3878
L73,91,3879
L28,63,3879
R37,0,3880
L91,9,3880
L9,0,3881
R80,80,3881
L13,67,3881
L16,51,3881
L96,55,3882
L69,86,3883
L71,15,3883
L77,38,3884
R5,43,3884
L43,0,3885
R73,73,3885
L73,0,3886
R40,40,3886
L56,84,3887
L689,95,3894
L474,21,3898
R79,0,3899
L33,67,3899
R978,45,3909
R57,2,3910
L18,84,3911
R39,23,3912
R77,0,3913
L38,62,3913
L86,76,3914
L376,0,3918
R38,38,3918
R62,0,3919
L28,72,3919
L565,7,3924
L62,45,3925
R95,40,3926
R60,0,3927
R56,56,3927
R28,84,3927
L94,90,3928
L95,95,3929
R5,0,3930
R46,46,3930
L94,52,3931
L752,0,3939
R77,77,3939
L8,69,3939
L69,0,3940
L60,40,3940
L175,65,3942
R42,7,3943
L670,37,3950
R866,3,3959
R864,67,3967
R19,86,3967
L23,63,3967
R70,33,3968
L33,0,3969
L50,50,3969
R50,0,3970
L2,98,3970
R802,0,3979
R78,78,3979
L84,94,3980
L26,68,3980
L20,48,3980
R52,0,3981
L57,43,3981
L52,91,3982
R36,27,3983
R68,95,3983
L682,13,3989
R14,27,3989
L83,44,3990
L44,0,3991
R25,25,3991
R44,69,3991
L64,5,3991
L20,85,3992
R92,77,3993
R23,0,3994
L5,95,3994
R14,9,3995
R201,10,3997
R86,96,3997
R20,16,3998
R34,50,3998
R950,0,4008
R886,86,4016
L89,97,4017
R71,68,4018
L90,78,4019
L21,57,4019
R81,38,4020
L4,34,4020
L34,0,4021
R392,92,4024
L22,70,4024
L70,0,4025
R29,29,4025
R271,0,4028
L4,96,4028
R4,0,4029
R87,87,4029
L53,34,4029
R525,59,4034
L78,81,4035
R75,56,4036
R944,0,4046
L75,25,4046
R46,71,4046
R29,0,4047
L18,82,4047
R18,0,4048
L54,46,4048
L91,55,4049
R45,0,4050
R7,7,4050
L41,66,4051
R14,80,4051
L80,0,4052
R8,8,4052
R92,0,4053
L76,24,4053
R76,0,4054
L39,61,4054
R27,88,4054
R85,73,4055
R99,72,4056
L98,74,4057
L60,14,4057
L14,0,4058
L35,65,4058
L24,41,4058
R71,12,4059
L60,52,4060
R648,0,4067
L88,12,4067
R6,18,4067
L12,6,4067
L606,0,4074
L49,51,4074
L751,0,4082
L94,6,4082
R337,43,4085
R53,96,4085
R4,0,4086
R58,58,4086
R42,0,4087
R136,36,4088
L36,0,4089
R72,72,4089
R57,29,4090
R71,0,4091
R97,97,4091
R86,83,4092
L83,0,4093
L15,85,4093
L466,19,4097
R81,0,4098
L3,97,4098
L81,16,4098
R84,0,4099
R15,15,4099
R57,72,4099
L305,67,4102
L67,0,4103
L155,45,4104
R762,7,4112
R59,66,4112
R633,99,4118
L62,37,4118
L37,0,4119
R97,97,4119
R28,25,4120
L25,0,4121
L32,68,4121
L37,31,4121
R380,11,4125
R89,0,4126
R49,49,4126
L49,0,4127
R11,11,4127
L82,29,4128
L3,26,4128
R74,0,4129
R8,8,4129
R892,0,4138
R57,57,4138
L57,0,4139
R14,14,4139
R286,0,4142
R421,21,4146
L89,32,4147
R81,13,4148
R597,10,4154
R90,0,4155
L2,98,4155
R89,87,4156
L431,56,4160
L98,58,4161
R42,0,4162
L50,50,4162
L92,58,4163
R45,3,4164
R58,61,4164
L438,23,4168
L94,29,4169
R181,10,4171
R91,1,4172
L67,34,4173
L18,16,4173
L54,62,4174
R78,40,4175
L7,33,4175
R67,0,4176
R96,96,4176
L11,85,4176
L85,0,4177
R83,83,4177
R78,61,4178
R12,73,4178
R58,31,4179
L16,15,4179
L77,38,4180
L26,12,4180
L712,0,4188
L75,25,4188
L83,42,4189
R70,12,4190
L52,60,4191
L197,63,4193
R18,81,4193
L81,0,4194
L18,82,4194
L82,0,4195
L3,97,4195
R3,0,4196
R58,58,4196
L91,67,4197
R934,1,4207
L1,0,4208
L6,94,4208
L9,85,4208
R15,0,4209
L447,53,4213
R947,0,4223
L42,58,4223
R42,0,4224
L797,3,4231
L240,63,4234
R68,31,4235
R69,0,4236
R51,51,4236
L51,0,4237
R85,85,4237
L785,0,4245
L381,19,4248
R39,58,4248
R42,0,4249
L47,53,4249
R29,82,4249
R18,0,4250
L90,10,4250
L970,40,4260
R108,48,4261
L48,0,4262
R152,52,4263
L66,86,4264
R15,1,4265
R38,39,4265
L31,8,4265
L8,0,4266
R42,42,4266
L42,0,4267
L18,82,4267
L355,27,4270
R73,0,4271
R15,15,4271
R67,82,4271
R49,31,4272
R61,92,4272
L71,21,4272
R201,22,4274
R36,58,4274
R6,64,4274
R807,71,4282
L57,14,4282
L2,12,4282
R59,71,4282
L67,4,4282
L29,75,4283
L75,0,4284
L103,97,4285
R903,0,4295
R6,6,4295
R94,0,4296
R770,70,4303
R13,83,4303
R17,0,4304
L46,54,4304
L61,93,4305
L62,31,4305
L10,21,4305
L679,42,4312
L69,73,4313
R91,64,4314
R36,0,4315
L31,69,4315
L69,0,4316
L85,15,4316
R85,0,4317
L30,70,4317
L70,0,4318
R75,75,4318
L75,0,4319
R43,43,4319
R45,88,4319
L33,55,4319
R16,71,4319
R37,8,4320
L8,0,4321
L893,7,4329
R93,0,4330
L23,77,4330
R93,70,4331
R82,52,4332
L452,0,4337
R941,41,4346
L41,0,4347
L57,43,4347
R57,0,4348
R44,44,4348
R52,96,4348
R304,0,4352
R45,45,4352
L745,0,4360
L9,91,4360
L91,0,4361
R901,1,4370
R104,5,4371
L205,0,4374
R24,24,4374
L498,26,4379
L61,65,4380
L56,9,4380
L9,0,4381
R96,96,4381
L896,0,4390
L648,52,4396
R87,39,4397
R61,0,4398
L84,16,4398
R8,24,4398
L41,83,4399
R53,36,4400
R64,0,4401
L31,69,4401
L69,0,4402
L27,73,4402
L73,0,4403
R310,10,4406
R517,27,4411
R14,41,4411
R131,72,4412
R328,0,4416
R44,44,4416
L844,0,4425
L61,39,4425
L35,4,4425
L96,8,4426
L8,0,4427
R82,82,4427
R9,91,4427
R98,89,4428
L841,48,4436
R58,6,4437
R11,17,4437
R83,0,4438
R87,87,4438
L58,29,4438
L17,12,4438
R91,3,4439
R97,0,4440
L227,73,4442
L55,18,4442
L18,0,4443
L11,89,4443
L89,0,4444
R79,79,4444
L21,58,4444
L858,0,4453
L84,16,4453
R869,85,4461
R62,47,4462
R53,0,4463
R73,73,4463
L73,0,4464
R95,95,4464
R92,87,4465
L87,0,4466
R38,38,4466
R22,60,4466
L62,98,4467
L44,54,4467
L445,9,4471
R42,51,4471
R65,16,4472
R84,0,4473
L6,94,4473
R4,98,4473
R10,8,4474
L52,56,4475
R44,0,4476
L66,34,4476
L22,12,4476
R88,0,4477
R127,27,4478
R72,99,4478
R86,85,4479
R15,0,4480
R1,1,4480
L1,0,4481
R22,22,4481
L722,0,4489
L68,32,4489
R317,49,4492
R75,24,4493
R2,26,4493
R95,21,4494
R79,0,4495
L81,19,4495
R81,0,4496
R70,70,4496
L97,73,4497
L67,6,4497
L87,19,4498
R75,94,4498
L932,62,4507
R2,64,4507
L64,0,4508
L5,95,4508
L56,39,4508
L84,55,4509
L37,18,4509
L80,38,4510
L38,0,4511
L931,69,4520
L96,73,4521
L11,62,4521
R38,0,4522
L965,35,4531
L529,6,4536
L22,84,4537
R299,83,4540
L80,3,4540
R49,52,4540
L52,0,4541
L689,11,4547
R696,7,4554
L97,10,4555
L8,2,4555
L802,0,4564
L50,50,4564
L31,19,4564
L76,43,4565
R82,25,4566
L17,8,4566
L8,0,4567
L46,54,4567
L54,0,4568
L159,41,4569
R59,0,4570
L71,29,4570
R271,0,4573
L52,48,4573
L19,29,4573
R50,79,4573
R52,31,4574
R69,0,4575
R87,87,4575
L87,0,4576
L62,38,4576
R62,0,4577
R47,47,4577
R53,0,4578
R76,76,4578
R655,31,4585
L976,55,4595
R45,0,4596
R83,83,4596
R75,58,4597
R981,39,4607
L39,0,4608
R10,10,4608
R90,0,4609
R84,84,4609
L30,54,4609
R48,2,4610
R98,0,4611
R65,65,4611
L212,53,4613
R348,1,4617
R99,0,4618
R637,37,4624
L24,13,4624
L13,0,4625
L29,71,4625
R29,0,4626
L557,43,4631
L43,0,4632
L3,97,4632
L10,87,4632
R13,0,4633
R88,88,4633
L48,40,4633
L42,98,4634
L19,79,4634
L79,0,4635
L7,93,4635
R591,84,4641
R47,31,4642
L724,7,4649
L57,50,4650
L53,97,4651
L97,0,4652
R35,35,4652
L87,48,4653
R52,0,4654
L9,91,4654
L57,34,4654
L33,1,4654
L1,0,4655
L86,14,4655
R26,40,4655
L440,0,4660
L58,42,4660
L42,0,4661
R14,14,4661
L656,58,4668
L58,0,4669
R2,2,4669
R198,0,4671
R23,23,4671
R77,0,4672
L55,45,4672
L45,0,4673
L37,63,4673
L316,47,4676
L82,65,4677
R45,10,4678
R2,12,4678
R53,65,4678
R935,0,4688
L2,98,4688
R50,48,4689
R48,96,4689
L86,10,4689
L18,92,4690
L792,0,4698
L32,68,4698
L89,79,4699
R86,65,4700
R35,0,4701
L65,35,4701
R65,0,4702
R38,38,4702
L38,0,4703
R33,33,4703
L8,25,4703
R825,50,4711
L87,63,4712
L63,0,4713
R367,67,4716
R64,31,4717
L93,38,4718
R15,53,4718
R623,76,4724
R26,2,4725
R71,73,4725
L373,0,4729
L40,60,4729
R54,14,4730
R43,57,4730
L57,0,4731
R30,30,4731
L99,31,4732
R469,0,4737
R92,92,4737
L551,41,4742
L92,49,4743
R51,0,4744
L49,51,4744
R491,42,4749
L42,0,4750
L936,64,4759
L464,0,4764
R930,30,4773
R19,49,4773
R557,6,4779
R40,46,4779
R521,67,4784
L67,0,4785
R4,4,4785
L88,16,4786
L944,72,4796
L172,0,4798
R42,42,4798
R82,24,4799
L99,25,4800
R62,87,4800
R13,0,4801
R54,54,4801
L64,90,4802
R52,42,4803
L42,0,4804
R29,29,4804
L67,62,4805
L62,0,4806
L57,43,4806
L143,0,4808
L289,11,4810
R89,0,4811
L33,67,4811
L1,66,4811
L87,79,4812
R47,26,4813
L20,6,4813
R18,24,4813
R322,46,4816
L27,19,4816
R135,54,4817
L43,11,4817
L58,53,4818
R27,80,4818
R20,0,4819
L89,11,4819
L58,53,4820
R47,0,4821
L88,12,4821
L512,0,4827
L73,27,4827
L79,48,4828
R352,0,4832
L10,90,4832
L423,67,4836
R33,0,4837
L6,94,4837
L94,0,4838
R86,86,4838
L86,0,4839
R5,5,4839
L705,0,4847
L28,72,4847
L611,61,4853
L55,6,4853
R34,40,4853
L884,56,4862
L168,88,4864
L88,0,4865
R33,33,4865
L33,0,4866
L10,90,4866
L90,0,4867
R61,61,4867
R528,89,4872
R11,0,4873
L24,76,4873
L76,0,4874
L11,89,4874
R261,50,4877
R50,0,4878
R1,1,4878
L30,71,4879
R129,0,4881
R40,40,4881
R69,9,4882
L19,90,4883
R80,70,4884
L43,27,4884
R73,0,4885
R42,42,4885
R27,69,4885
R65,34,4886
R99,33,4887
L33,0,4888
R58,58,4888
R92,50,4889
L39,11,4889
R91,2,4890
L71,31,4891
R69,0,4892
R95,95,4892
L395,0,4896
L812,88,4904
L975,13,4913
L79,34,4914
R28,62,4914
L149,13,4915
L98,15,4916
L15,0,4917
R32,32,4917
R68,0,4918
R121,21,4919
L48,73,4920
R27,0,4921
R362,62,4924
R21,83,4924
R45,28,4925
L92,36,4926
R10,46,4926
L46,0,4927
L73,27,4927
R73,0,4928
L99,1,4928
R99,0,4929
L810,90,4937
R93,83,4938
L52,31,4938
R65,96,4938
R63,59,4939
R41,0,4940
R62,62,4940
R93,55,4941
R45,0,4942
R15,15,4942
R85,0,4943
R55,55,4943
L55,0,4944
L98,2,4944
R98,0,4945
L13,87,4945
L93,94,4946
L94,0,4947
R38,38,4947
L38,0,4948
L59,41,4948
R759,0,4956
L79,21,4956
R892,13,4965
R65,78,4965
L81,97,4966
R3,0,4967
L85,15,4967
R69,84,4967
R92,76,4968
L76,0,4969
L448,52,4973
L52,0,4974
L15,85,4974
R53,38,4975
R62,0,4976
R78,78,4976
R31,9,4977
R71,80,4977
L21,59,4977
L59,0,4978
L67,33,4978
L33,0,4979
R3,3,4979
R90,93,4979
L93,0,4980
R44,44,4980
L44,0,4981
R312,12,4984
R625,37,4990
R63,0,4991
L532,68,4996
L718,50,5003
R50,0,5004
R17,17,5004
L69,48,5005
R12,60,5005
L33,27,5005
R73,0,5006
R92,92,5006
L92,0,5007
L733,67,5014
L95,72,5015
R328,0,5019
L97,3,5019
L234,69,5022
L96,73,5023
L773,0,5031
L38,62,5031
L62,0,5032
R57,57,5032
L64,93,5033
L59,34,5033
L897,37,5042
L637,0,5049
R554,54,5054
R3,57,5054
L99,58,5055
L87,71,5056
R629,0,5063
R21,21,5063
R67,88,5063
R6,94,5063
R6,0,5064
L7,93,5064
L93,0,5065
L337,63,5068
R60,23,5069
R77,0,5070
R64,64,5070
L39,25,5070
L3,22,5070
R78,0,5071
L664,36,5077
R64,0,5078
L56,44,5078
L58,86,5079
L11,75,5079
R95,70,5080
R21,91,5080
L82,9,5080
L618,91,5087
L95,96,5088
R1,97,5088
R666,63,5095
L22,41,5095
L41,0,5096
R18,18,5096
L45,73,5097
R27,0,5098
L21,79,5098
L59,20,5098
R92,12,5099
L74,38,5100
R9,47,5100
L47,0,5101
R1,1,5101
L545,56,5107
R290,46,5110
L205,41,5112
L21,20,5112
L68,52,5113
L53,99,5114
L21,78,5114
R22,0,5115
L789,11,5122
R39,50,5122
R73,23,5123
L23,0,5124
R21,21,5124
R24,45,5124
R74,19,5125
R81,0,5126
L89,11,5126
L217,94,5129
R9,3,5130
L287,16,5133
L55,61,5134
L20,41,5134
L41,0,5135
R490,90,5139
R405,95,5143
R10,5,5144
R62,67,5144
R33,0,5145
R33,33,5145
R17,50,5145
L207,43,5147
L61,82,5148
L82,0,5149
L42,58,5149
L25,33,5149
L33,0,5150
R93,93,5150
R3,96,5150
R91,87,5151
L5,82,5151
L67,15,5151
L15,0,5152
R96,96,5152
L69,27,5152
L13,14,5152
L554,60,5158
L60,0,5159
R12,12,5159
L65,47,5160
L649,98,5167
L94,4,5167
R596,0,5173
R73,73,5173
L74,99,5174
L99,0,5175
R560,60,5180
R40,0,5181
R62,62,5181
L62,0,5182
R13,13,5182
R87,0,5183
R16,16,5183
R84,0,5184
L134,66,5185
L36,30,5185
R70,0,5186
R64,64,5186
R27,91,5186
L91,0,5187
R215,15,5189
L43,72,5190
R12,84,5190
R3,87,5190
R13,0,5191
L44,56,5191
L856,0,5200
R78,78,5200
R22,0,5201
R157,57,5202
L57,0,5203
L36,64,5203
R36,0,5204
L25,75,5204
L89,86,5205
R215,1,5208
R99,0,5209
L3,97,5209
L97,0,5210
R55,55,5210
L35,20,5210
L9,11,5210
L23,88,5211
R49,37,5212
R66,3,5213
R10,13,5213
L63,50,5214
L50,0,5215
R49,49,5215
R151,0,5217
L42,58,5217
L58,0,5218
R78,78,5218
L93,85,5219
R19,4,5220
R54,58,5220
R54,12,5221
R72,84,5221
L13,71,5221
L89,82,5222
R16,98,5222
R56,54,5223
R89,43,5224
R64,7,5225
L28,79,5226
L6,73,5226
L6,67,5226
R84,51,5227
R343,94,5230
L94,0,5231
R71,71,5231
L10,61,5231
R39,0,5232
L719,81,5239
R19,0,5240
L67,33,5240
L82,51,5241
L62,89,5242
L89,0,5243
L79,21,5243
R77,98,5243
L51,47,5243
R933,80,5252
R72,52,5253
R19,71,5253
L34,37,5253
R63,0,5254
L80,20,5254
R80,0,5255
L398,2,5258
R98,0,5259
L80,20,5259
L73,47,5260
L76,71,5261
R17,88,5261
L67,21,5261
L32,89,5262
L85,4,5262
L88,16,5263
L13,3,5263
R48,51,5263
R816,67,5271
L19,48,5271
R52,0,5272
L85,15,5272
L19,96,5273
L406,90,5277
L12,78,5277
R45,23,5278
L914,9,5287
R35,44,5287
R56,0,5288
R35,35,5288
L72,63,5289
R917,80,5298
L4,76,5298
L897,79,5307
R626,5,5314
R95,0,5315
R48,48,5315
R102,50,5316
L50,0,5317
R44,44,5317
L997,47,5327
L647,0,5334
R72,72,5334
L72,0,5335
L81,19,5335
R81,0,5336
L32,68,5336
R52,20,5337
R687,7,5344
R363,70,5347
R80,50,5348
R48,98,5348
R65,63,5349
R50,13,5350
L95,18,5351
R82,0,5352
R1,1,5352
R99,0,5353
L11,89,5353
L40,49,5353
R51,0,5354
L94,6,5354
L6,0,5355
R206,6,5357
R33,39,5357
L78,61,5358
L73,88,5359
L566,22,5364
L91,31,5365
R53,84,5365
R42,26,5366
R686,12,5373
L12,0,5374
R44,44,5374
R19,63,5374
R37,0,5375
L79,21,5375
R93,14,5376
R86,0,5377
L711,89,5384
R11,0,5385
L731,69,5392
R59,28,5393
L21,7,5393
L807,0,5402
L371,29,5405
L229,0,5408
L72,28,5408
R72,0,5409
L31,69,5409
L20,49,5409
R78,27,5410
R35,62,5410
L97,65,5411
L85,80,5412
R42,22,5413
R37,59,5413
L59,0,5414
R77,77,5414
R23,0,5415
L20,80,5415
L280,0,5418
R48,48,5418
L75,73,5419
R603,76,5425
R29,5,5426
L298,7,5429
R80,87,5429
L67,20,5429
R30,50,5429
R12,62,5429
L14,48,5429
R581,29,5435
R71,0,5436
R66,66,5436
L32,34,5436
L453,81,5441
R27,8,5442
L8,0,5443
R8,8,5443
L39,69,5444
R31,0,5445
L787,13,5452
L13,0,5453
R50,50,5453
R50,0,5454
L84,16,5454
R60,76,5454
R49,25,5455
L25,0,5456
L99,1,5456
R993,94,5465
L542,52,5470
L52,0,5471
L29,71,5471
L71,0,5472
L46,54,5472
L43,11,5472
R7,18,5472
L32,86,5473
L91,95,5474
L59,36,5474
L1,35,5474
L11,24,5474
R3,27,5474
L47,80,5475
R120,0,5477
L41,59,5477
R841,0,5486
R1,1,5486
L457,44,5491
R48,92,5491
R608,0,5498
R10,10,5498
L10,0,5499
R34,34,5499
L5,29,5499
R71,0,5500
R563,63,5505
L95,68,5506
L51,17,5506
R83,0,5507
L83,17,5507
L17,0,5508
L28,72,5508
R50,22,5509
R15,37,5509
L37,0,5510
L267,33,5512
L63,70,5513
L689,81,5520
R72,53,5521
L4,49,5521
L73,76,5522
L176,0,5524
L93,7,5524
L62,45,5525
L45,0,5526
R32,32,5526
R236,68,5528
R732,0,5536
R2,2,5536
R62,64,5536
R36,0,5537
L913,87,5546
L49,38,5546
R62,0,5547
L324,76,5550
L76,0,5551
R61,61,5551
R839,0,5560
R69,69,5560
L853,16,5568
R52,68,5568
R26,94,5568
L94,0,5569
R32,32,5569
L70,62,5570
R23,85,5570
L98,87,5571
R13,0,5572
L30,70,5572
R21,91,5572
R419,10,5577
L210,0,5580
L98,2,5580
R35,37,5580
L237,0,5583
L54,46,5583
L643,3,5589
L94,9,5590
R392,1,5594
R4,5,5594
L5,0,5595
L39,61,5595
L41,20,5595
L20,0,5596
L48,52,5596
L46,6,5596
L6,0,5597
R944,44,5606
R5,49,5606
R34,83,5606
R17,0,5607
R33,33,5607
R91,24,5608
R31,55,5608
R325,80,5611
L80,0,5612
R14,14,5612
R54,68,5612
R936,4,5622
R96,0,5623
R442,42,5627
L797,45,5635
L22,23,5635
L723,0,5643
R30,30,5643
R70,0,5644
L760,40,5651
R51,91,5651
R9,0,5652
R434,34,5656
L376,58,5660
R31,89,5660
L76,13,5660
L22,91,5661
R9,0,5662
R32,32,5662
L144,88,5664
L30,58,5664
R689,47,5671
L4,43,5671
L94,49,5672
R66,15,5673
L658,57,5680
L69,88,5681
R86,74,5682
R66,40,5683
R78,18,5684
R422,40,5688
R23,63,5688
R37,0,5689
L43,57,5689
L2,55,5689
L52,3,5689
L19,84,5690
L85,99,5691
R88,87,5692
R813,0,5701
R28,28,5701
R69,97,5701
L97,0,5702
L43,57,5702
L47,10,5702
L440,70,5707
R60,30,5708
L30,0,5709
L17,83,5709
L22,61,5709
R72,33,5710
R67,0,5711
L21,79,5711
L610,69,5717
R78,47,5718
L47,0,5719
L64,36,5719
R164,0,5721
R49,49,5721
R51,0,5722
R1,1,5722
L401,0,5727
R67,67,5727
R36,3,5728
R32,35,5728
L915,20,5737
L870,50,5746
R49,99,5746
R1,0,5747
L70,30,5747
R470,0,5752
R305,5,5755
L72,33,5756
L70,63,5757
L63,0,5758
R26,26,5758
R94,20,5759
L791,29,5767
L9,20,5767
R12,32,5767
L278,54,5770
L854,0,5779
L52,48,5779
L10,38,5779
L68,70,5780
L1,69,5780
L69,0,5781
R711,11,5788
R26,37,5788
L85,52,5789
L5,47,5789
L147,0,5791
L52,48,5791
R72,20,5792
L9,11,5792
L11,0,5793
R42,42,5793
R68,10,5794
L10,0,5795
L49,51,5795
L21,30,5795
R74,4,5796
R67,71,5796
R65,36,5797
R90,26,5798
R74,0,5799
R305,5,5802
R58,63,5802
L43,20,5802
R68,88,5802
R39,27,5803
L24,3,5803
L3,0,5804
R30,30,5804
L30,0,5805
L6,94,5805
L894,0,5814
L98,2,5814
R98,0,5815
R19,19,5815
L99,20,5816
L167,53,5818
L53,0,5819
L87,13,5819
L99,14,5820
R312,26,5823
R20,46,5823
L58,88,5824
L88,0,5825
R95,95,5825
R5,0,5826
L60,40,5826
L8,32,5826
R87,19,5827
L82,37,5828
L59,78,5829
R22,0,5830
R8,8,5830
L8,0,5831
R49,49,5831
L35,14,5831
R86,0,5832
R75,75,5832
R43,18,5833
R82,0,5834
L718,82,5841
R11,93,5841
L99,94,5842
L61,33,5842
R67,0,5843
L10,90,5843
L190,0,5845
R47,47,5845
L92,55,5846
L55,0,5847
R18,18,5847
R16,34,5847
L64,70,5848
R44,14,5849
R93,7,5850
L7,0,5851
L35,65,5851
R635,0,5858
R92,92,5858
L35,57,5858
L395,62,5862
R738,0,5870
R97,97,5870
L97,0,5871
L35,65,5871
R50,15,5872
L815,0,5881
L65,35,5881
R23,58,5881
R59,17,5882
L817,0,5891
L8,92,5891
L83,9,5891
L29,80,5892
R504,84,5897
L84,0,5898
L85,15,5898
R81,96,5898
R324,20,5902
L70,50,5903
R650,0,5910
L123,77,5911
R23,0,5912
R51,51,5912
L82,69,5913
L69,0,5914
L814,86,5922
R630,16,5929
L79,37,5930
L14,23,5930
L50,73,5931
R35,8,5932
R992,0,5942
L796,4,5949
L63,41,5950
L41,0,5951
L75,25,5951
L72,53,5952
R447,0,5957
R431,31,5961
L20,11,5961
R29,40,5961
L40,0,5962
L55,45,5962
R885,30,5971
L47,83,5972
R17,0,5973
R11,11,5973
R89,0,5974
R70,70,5974
L70,0,5975
R27,27,5975
L387,40,5979
L40,0,5980
R59,59,5980
R65,24,5981
L72,52,5982
L41,11,5982
L88,23,5983
L670,53,5990
L41,12,5990
R88,0,5991
L123,77,5992
L861,16,6000
L164,52,6002
R10,62,6002
R583,45,6008
L470,75,6013
L64,11,6013
L72,39,6014
R84,23,6015
R14,37,6015
R63,0,6016
R34,34,6016
R70,4,6017
L4,0,6018
L718,82,6025
L63,19,6025
R181,0,6027
R70,70,6027
R3,73,6027
L24,49,6027
L39,10,6027
L210,0,6030
L97,3,6030
L76,27,6031
R21,48,6031
R68,16,6032
L16,0,6033
L75,25,6033
R975,0,6043
L62,38,6043
L93,45,6044
L45,0,6045
L24,76,6045
R6,82,6045
L91,91,6046
L891,0,6055
L31,69,6055
L213,56,6057
L42,14,6057
R28,42,6057
R31,73,6057
L21,52,6057
R80,32,6058
L32,0,6059
R51,51,6059
R49,0,6060
R21,21,6060
L21,0,6061
L51,49,6061
R81,30,6062
R80,10,6063
R79,89,6063
R11,0,6064
L74,26,6064
R909,35,6073
R65,0,6074
R53,53,6074
R46,99,6074
R1,0,6075
R59,59,6075
L163,96,6077
L811,85,6085
R423,8,6090
R26,34,6090
R25,59,6090
L82,77,6091
R723,0,6099
R38,38,6099
R683,21,6106
R779,0,6114
L20,80,6114
R57,37,6115
L13,24,6115
R176,0,6117
L57,43,6117
L74,69,6118
R164,33,6120
L33,0,6121
R48,48,6121
L19,29,6121
R13,42,6121
L11,31,6121
L931,0,6131
R835,35,6139
L49,86,6140
L786,0,6148
L26,74,6148
L10,64,6148
L92,72,6149
L80,92,6150
L69,23,6150
R37,60,6150
R74,34,6151
L34,0,6152
L77,23,6152
L57,66,6153
R527,93,6158
L593,0,6164
R359,59,6167
L78,81,6168
L69,12,6168
L2,10,6168
R90,0,6169
L7,93,6169
L93,0,6170
R10,10,6170
R550,60,6175
R89,49,6176
R73,22,6177
R178,0,6179
R26,26,6179
R74,0,6180
R15,15,6180
L3,12,6180
L523,89,6186
L28,61,6186
L619,42,6192
R57,99,6192
R37,36,6193
L236,0,6196
L74,26,6196
L26,0,6197
R87,87,6197
R55,42,6198
R20,62,6198
R38,0,6199
L98,2,6199
L97,5,6200
R88,93,6200
R552,45,6206
L7,38,6206
R86,24,6207
L84,40,6208
R148,88,6209
R21,9,6210
L92,17,6211
R97,14,6212
L14,0,6213
R8,8,6213
L15,93,6214
R5,98,6214
R66,64,6215
R427,91,6219
L79,12,6219
L45,67,6220
R33,0,6221
R29,29,6221
L61,68,6222
L11,57,6222
L91,66,6223
L780,86,6231
L86,0,6232
L72,28,6232
L28,0,6233
R76,76,6233
R93,69,6234
L34,35,6234
R865,0,6243
L47,53,6243
L53,0,6244
R55,55,6244
L589,66,6250
R34,0,6251
R30,30,6251
R47,77,6251
R43,20,6252
R80,0,6253
R70,70,6253
R30,0,6254
R257,57,6256
R637,94,6262
R14,8,6263
R4,12,6263
L502,10,6268
L810,0,6277
L70,30,6277
R84,14,6278
L4,10,6278
R48,58,6278
R6,64,6278
L56,8,6278
R20,28,6278
L31,97,6279
L46,51,6279
R149,0,6281
L98,2,6281
L102,0,6283
R63,63,6283
L78,85,6284
R46,31,6285
L73,58,6286
L16,42,6286
L42,0,6287
R37,37,6287
L337,0,6291
R92,92,6291
R68,60,6292
L29,31,6292
R92,23,6293
L289,34,6296
L34,0,6297
R48,48,6297
L9,39,6297
L239,0,6300
L23,77,6300
R385,62,6304
L82,80,6305
R20,0,6306
R24,24,6306
R76,0,6307
L413,87,6311
R13,0,6312
R38,38,6312
L93,45,6313
R55,0,6314
L99,1,6314
L1,0,6315
R75,75,6315
R91,66,6316
L542,24,6321
L24,0,6322
L22,78,6322
L78,0,6323
L68,32,6323
R277,9,6326
L91,18,6327
R38,56,6327
R26,82,6327
L82,0,6328
L55,45,6328
L33,12,6328
L770,42,6336
L77,65,6337
L65,0,6338
L55,45,6338
R83,28,6339
L60,68,6340
R368,36,6344
L36,0,6345
L614,86,6351
R92,78,6352
L27,51,6352
L51,0,6353
R15,15,6353
L45,70,6354
R30,0,6355
L435,65,6359
L723,42,6366
R75,17,6367
R601,18,6373
L18,0,6374
R60,60,6374
R98,58,6375
R46,4,6376
L4,0,6377
L70,30,6377
R78,8,6378
R51,59,6378
R692,51,6385
L151,0,6387
R38,38,6387
R16,54,6387
R46,0,6388
R27,27,6388
R61,88,6388
L5,83,6388
R38,21,6389
R435,56,6393
R10,66,6393
L66,0,6394
R54,54,6394
R20,74,6394
R526,0,6400
R41,41,6400
R44,85,6400
L34,51,6400
R94,45,6401
L245,0,6404
R65,65,6404
L75,90,6405
R769,59,6413
L75,84,6414
R16,0,6415
L19,81,6415
L81,0,6416
R91,91,6416
R9,0,6417
R70,70,6417
L70,0,6418
R54,54,6418
L396,58,6422
R247,5,6425
L30,75,6426
L81,94,6427
R606,0,6434
R7,7,6434
L7,0,6435
R6,6,6435
R2,8,6435
L564,44,6441
L25,19,6441
R15,34,6441
L65,69,6442
L69,0,6443
L78,22,6443
L93,29,6444
R358,87,6447
R674,61,6454
L61,0,6455
L15,85,6455
L153,32,6456
L32,0,6457
L33,67,6457
L67,0,6458
L51,49,6458
L82,67,6459
R35,2,6460
R44,46,6460
R54,0,6461
L66,34,6461
L498,36,6466
R64,0,6467
L44,56,6467
L92,64,6468
R26,90,6468
R10,0,6469
L73,27,6469
R46,73,6469
L73,0,6470
L41,59,6470
L61,98,6471
L98,0,6472
R507,7,6477
L7,0,6478
L76,24,6478
R88,12,6479
L31,81,6480
R4,85,6480
R37,22,6481
L22,0,6482
L4,96,6482
R404,0,6487
R74,74,6487
R78,52,6488
R48,0,6489
R49,49,6489
L49,0,6490
L53,47,6490
L91,56,6491
R44,0,6492
R27,27,6492
R73,0,6493
L75,25,6493
R75,0,6494
R77,77,6494
R51,28,6495
R7,35,6495
R16,51,6495
L932,19,6504
R50,69,6504
L69,0,6505
R8,8,6505
R92,0,6506
L21,79,6506
L872,7,6514
R318,25,6517
L325,0,6521
L98,2,6521
L70,32,6522
R7,39,6522
R36,75,6522
R53,28,6523
R72,0,6524
L580,20,6529
L20,0,6530
L90,10,6530
R88,98,6530
R57,55,6531
L55,0,6532
R89,89,6532
R5,94,6532
L715,79,6539
R28,7,6540
L7,0,6541
R50,50,6541
L50,0,6542
R8,8,6542
R92,0,6543
L87,13,6543
L764,49,6551
R26,75,6551
L75,0,6552
R4,4,6552
L65,39,6553
R61,0,6554
L14,86,6554
L25,61,6554
L50,11,6554
R89,0,6555
R70,70,6555
R30,0,6556
L26,74,6556
L74,0,6557
L63,37,6557
R1,38,6557
R342,80,6560
L80,0,6561
L94,6,6561
R94,0,6562
L29,71,6562
L492,79,6567
L28,51,6567
R52,3,6568
L86,17,6569
L75,42,6570
L50,92,6571
R732,24,6579
L24,0,6580
L61,39,6580
R21,60,6580
L60,0,6581
L836,64,6589
R43,7,6590
L75,32,6591
R80,12,6592
R52,64,6592
R36,0,6593
R323,23,6596
L40,83,6597
R22,5,6598
L80,25,6599
R7,32,6599
R60,92,6599
R51,43,6600
L7,36,6600
R16,52,6600
L57,95,6601
R5,0,6602
R20,20,6602
R279,99,6604
R1,0,6605
L64,36,6605
L271,65,6608
R68,33,6609
L80,53,6610
R78,31,6611
L31,0,6612
L80,20,6612
R7,27,6612
L94,33,6613
L77,56,6614
R402,58,6618
L4,54,6618
L254,0,6621
R585,85,6626
R72,57,6627
L943,14,6636
R86,0,6637
R203,3,6639
R581,84,6644
L18,66,6644
R123,89,6645
L289,0,6648
L64,36,6648
L96,40,6649
R60,0,6650
L59,41,6650
R59,0,6651
R25,25,6651
R66,91,6651
L37,54,6651
L754,0,6659
R91,91,6659
R90,81,6660
R77,58,6661
R77,35,6662
L16,19,6662
L19,0,6663
R75,75,6663
R25,0,6664
L64,36,6664
R39,75,6664
R25,0,6665
L54,46,6665
L63,83,6666
L63,20,6666
L196,24,6668
L86,38,6669
R133,71,6670
R16,87,6670
R41,28,6671
R869,97,6679
R3,0,6680
L80,20,6680
R80,0,6681
R46,46,6681
R63,9,6682
L67,42,6683
R80,22,6684
L35,87,6685
R515,2,6691
R71,73,6691
L7,66,6691
R34,0,6692
L27,73,6692
L2,71,6692
R65,36,6693
R69,5,6694
L59,46,6695
R58,4,6696
L7,97,6697
R92,89,6698
L87,2,6698
R44,46,6698
L46,0,6699
R36,36,6699
R26,62,6699
L36,26,6699
L26,0,6700
R79,79,6700
L67,12,6700
L55,57,6701
R82,39,6702
R33,72,6702
L72,0,6703
L1,99,6703
L99,0,6704
R22,22,6704
L22,0,6705
L20,80,6705
L75,5,6705
R95,0,6706
L37,63,6706
R61,24,6707
R64,88,6707
L88,0,6708
L44,56,6708
R44,0,6709
R59,59,6709
R82,41,6710
R19,60,6710
R62,22,6711
L47,75,6712
R25,0,6713
L42,58,6713
R28,86,6713
L74,12,6713
L24,88,6714
R82,70,6715
L70,0,6716
L27,73,6716
R91,64,6717
L67,97,6718
L77,20,6718
R89,9,6719
R91,0,6720
R1,1,6720
R79,80,6720
L93,87,6721
L53,34,6721
R66,0,6722
L12,88,6722
R34,22,6723
L50,72,6724
L9,63,6724
L1,62,6724
L43,19,6724
L32,87,6725
L13,74,6725
R17,91,6725
R14,5,6726
R43,48,6726
R40,88,6726
L4,84,6726
R29,13,6727
L31,82,6728
L24,58,6728
L6,52,6728
L24,28,6728
R29,57,6728
L8,49,6728
L19,30,6728
R12,42,6728
L18,24,6728
R7,31,6728
R4,35,6728
L36,99,6729
R4,3,6730
R5,8,6730
L35,73,6731
R12,85,6731
L45,40,6731
R39,79,6731
R29,8,6732
L36,72,6733
R3,75,6733
L11,64,6733
R23,87,6733
L22,65,6733
L41,24,6733
R14,38,6733
R26,64,6733
L30,34,6733
L47,87,6734
R40,27,6735
L37,90,6736
R24,14,6737
R32,46,6737
R28,74,6737
L44,30,6737
L47,83,6738
R9,92,6738
